Date,Area Name,Road/Intersection Name,Traffic Volume,Average Speed,Travel Time Index,Congestion Level,Road Capacity Utilization,Incident Reports,Weather Conditions,Roadwork and Construction Activity,Temperature,Humidity,Wind Speed,Rain Volume,Visibility,Free Flow Speed,Jam Factor,Confidence
2026-03-26,Electronic City,Hosur Road,104000,23.0,1.3014,23.3,23.33,0,Windy,No,30.56,32.0,9.39,0.0,6000.0,30.0,2.33,1.0
2026-03-26,Electronic City,Silk Board Junction,102535,19.0,1.4742,32.1,32.14,0,Windy,No,30.56,32.0,9.39,0.0,6000.0,28.0,3.21,1.0
2026-03-26,Hebbal,Ballari Road,90750,27.0,1.3333,25.0,25.0,0,Windy,No,30.56,32.0,9.39,0.0,6000.0,36.0,2.5,0.93
2026-03-26,Hebbal,Hebbal Flyover,117750,31.0,1.5473,35.4,35.42,0,Windy,No,30.56,32.0,9.39,0.0,6000.0,48.0,3.54,1.0
2026-03-26,Indiranagar,100 Feet Road,70285,15.0,1.4,28.6,28.57,0,Windy,No,30.56,32.0,9.39,0.0,6000.0,21.0,2.86,1.0
2026-03-26,Indiranagar,CMH Road,65249,19.0,1.4728,32.1,32.14,0,Windy,No,30.56,32.0,9.39,0.0,6000.0,28.0,3.21,1.0
2026-03-26,Jayanagar,Jayanagar 4th Block,60465,21.0,1.3787,27.6,27.59,0,Windy,No,30.56,32.0,9.39,0.0,6000.0,29.0,2.76,1.0
2026-03-26,Jayanagar,South End Circle,101896,18.0,1.6111,37.9,37.93,0,Windy,No,30.56,32.0,9.39,0.0,6000.0,29.0,3.79,0.9934
2026-03-26,Koramangala,Sarjapur Road,49605,32.0,1.156,13.5,13.51,0,Windy,No,30.56,32.0,9.39,0.0,6000.0,37.0,1.35,1.0
2026-03-26,Koramangala,Sony World Junction,67111,20.0,1.3512,25.9,25.93,0,Windy,No,30.56,32.0,9.39,0.0,6000.0,27.0,2.59,1.0
2026-03-26,M.G. Road,Anil Kumble Circle,97173,15.0,1.5345,34.8,34.78,0,Windy,No,30.56,32.0,9.39,0.0,6000.0,23.0,3.48,1.0
2026-03-26,M.G. Road,Trinity Circle,92142,24.0,1.4581,31.4,31.43,0,Windy,No,30.56,32.0,9.39,0.0,6000.0,35.0,3.14,1.0
2026-03-26,Whitefield,ITPL Main Road,60827,23.0,1.2608,20.7,20.69,0,Windy,No,30.56,32.0,9.39,0.0,6000.0,29.0,2.07,0.995
2026-03-26,Whitefield,Marathahalli Bridge,39600,26.0,1.0,0.0,0.0,0,Windy,No,30.56,32.0,9.39,0.0,6000.0,26.0,0.0,1.0
2026-03-26,Yeshwanthpur,Tumkur Road,43200,19.0,1.0,0.0,0.0,0,Windy,No,30.56,32.0,9.39,0.0,6000.0,19.0,0.0,1.0
2026-03-26,Yeshwanthpur,Yeshwanthpur Circle,87187,23.0,1.3914,28.1,28.12,0,Windy,No,30.56,32.0,9.39,0.0,6000.0,32.0,2.81,1.0
2026-03-30,Electronic City,Hosur Road,60981,29.4,1.062,4.66,4.55,0,Clear,No,30.17,38.91,5.46,0.0,7818.18,30.8,0.466,0.9998
2026-03-30,Electronic City,Silk Board Junction,86031,21.1,1.3411,22.19,22.14,0,Clear,No,30.17,38.91,5.46,0.0,7818.18,27.1,2.219,1.0
2026-03-30,Hebbal,Ballari Road,66553,32.1,1.1354,10.42,10.34,0,Clear,No,30.17,38.91,5.46,0.0,7818.18,35.8,1.042,0.9842
2026-03-30,Hebbal,Hebbal Flyover,73148,42.0,1.1471,10.63,10.64,0,Clear,No,30.17,38.91,5.46,0.0,7818.18,47.0,1.063,1.0
2026-03-30,Indiranagar,100 Feet Road,58777,17.5,1.2771,19.12,18.98,0,Clear,No,30.17,38.91,5.46,0.0,7818.18,21.6,1.912,1.0
2026-03-30,Indiranagar,CMH Road,54456,21.8,1.2987,21.85,21.86,0,Clear,No,30.17,38.91,5.46,0.0,7818.18,27.9,2.185,1.0
2026-03-30,Jayanagar,Jayanagar 4th Block,64827,20.0,1.5063,31.81,31.74,0,Clear,No,30.17,38.91,5.46,0.0,7818.18,29.3,3.181,0.9979
2026-03-30,Jayanagar,South End Circle,79812,22.5,1.3342,23.32,23.21,0,Clear,No,30.17,38.91,5.46,0.0,7818.18,29.3,2.332,0.9931
2026-03-30,Koramangala,Sarjapur Road,36676,35.3,1.0601,5.05,5.11,0,Clear,No,30.17,38.91,5.46,0.0,7818.18,37.2,0.505,1.0
2026-03-30,Koramangala,Sony World Junction,52551,22.5,1.1747,13.77,13.79,0,Clear,No,30.17,38.91,5.46,0.0,7818.18,26.1,1.377,1.0
2026-03-30,M.G. Road,Anil Kumble Circle,57052,20.8,1.1357,8.91,8.77,0,Clear,No,30.17,38.91,5.46,0.0,7818.18,22.8,0.891,1.0
2026-03-30,M.G. Road,Trinity Circle,68342,29.3,1.1983,15.43,15.56,0,Clear,No,30.17,38.91,5.46,0.0,7818.18,34.7,1.543,1.0
2026-03-30,Whitefield,ITPL Main Road,61657,23.9,1.3028,21.39,21.38,0,Clear,No,30.17,38.91,5.46,0.0,7818.18,30.4,2.139,0.9973
2026-03-30,Whitefield,Marathahalli Bridge,53870,24.5,1.1324,5.6,5.41,0,Clear,No,30.17,38.91,5.46,0.0,7818.18,25.9,0.56,1.0
2026-03-30,Yeshwanthpur,Tumkur Road,46247,18.7,1.0116,1.09,1.06,0,Clear,No,30.17,38.91,5.46,0.0,7818.18,18.9,0.109,0.9983
2026-03-30,Yeshwanthpur,Yeshwanthpur Circle,74153,25.7,1.2588,19.45,19.44,0,Clear,No,30.17,38.91,5.46,0.0,7818.18,31.9,1.945,1.0
2026-03-31,Electronic City,Hosur Road,63034,29.15,1.0663,5.3,5.2,0,Clear,No,27.41,50.0,4.38,0.0,7550.0,30.75,0.5305,0.9971
2026-03-31,Electronic City,Silk Board Junction,69361,23.75,1.168,12.02,12.04,0,Clear,No,27.41,50.0,4.38,0.0,7550.0,27.0,1.2015,1.0
2026-03-31,Hebbal,Ballari Road,68192,31.7,1.1564,11.42,11.33,0,Clear,No,27.41,50.0,4.38,0.0,7550.0,35.75,1.1415,0.9843
2026-03-31,Hebbal,Hebbal Flyover,64011,43.65,1.0988,7.2,7.23,0,Clear,No,27.41,50.0,4.38,0.0,7550.0,47.05,0.7205,0.9999
2026-03-31,Indiranagar,100 Feet Road,54672,18.45,1.2196,15.64,15.56,0,Clear,No,27.41,50.0,4.38,0.0,7550.0,21.85,1.5635,0.9999
2026-03-31,Indiranagar,CMH Road,45375,24.3,1.1833,13.21,13.21,0,Clear,No,27.41,50.0,4.38,0.0,7550.0,28.0,1.321,1.0
2026-03-31,Jayanagar,Jayanagar 4th Block,48527,24.8,1.2397,16.38,16.22,0,Clear,No,27.41,50.0,4.38,0.0,7550.0,29.6,1.6385,0.9997
2026-03-31,Jayanagar,South End Circle,61497,26.3,1.1541,11.2,11.0,0,Clear,No,27.41,50.0,4.38,0.0,7550.0,29.55,1.1205,0.9974
2026-03-31,Koramangala,Sarjapur Road,36934,35.2,1.0616,5.21,5.25,0,Clear,No,27.41,50.0,4.38,0.0,7550.0,37.15,0.521,1.0
2026-03-31,Koramangala,Sony World Junction,49153,23.15,1.1359,10.94,10.96,0,Clear,No,27.41,50.0,4.38,0.0,7550.0,26.0,1.0945,1.0
2026-03-31,M.G. Road,Anil Kumble Circle,63421,20.0,1.1799,12.42,12.28,0,Clear,No,27.41,50.0,4.38,0.0,7550.0,22.8,1.2425,1.0
2026-03-31,M.G. Road,Trinity Circle,62005,30.5,1.1472,11.19,11.34,0,Clear,No,27.41,50.0,4.38,0.0,7550.0,34.4,1.119,1.0
2026-03-31,Whitefield,ITPL Main Road,54580,26.2,1.2275,15.48,15.48,0,Clear,No,27.41,50.0,4.38,0.0,7550.0,31.0,1.548,0.9987
2026-03-31,Whitefield,Marathahalli Bridge,46199,25.35,1.0505,2.5,2.5,0,Clear,No,27.41,50.0,4.38,0.0,7550.0,26.0,0.25,1.0
2026-03-31,Yeshwanthpur,Tumkur Road,54538,18.3,1.049,3.9,3.94,0,Clear,No,27.41,50.0,4.38,0.0,7550.0,19.05,0.3895,0.9987
2026-03-31,Yeshwanthpur,Yeshwanthpur Circle,63103,28.05,1.163,12.1,12.07,0,Clear,No,27.41,50.0,4.38,0.0,7550.0,31.9,1.2095,1.0
2026-04-01,Electronic City,Hosur Road,67600,28.7,1.0898,6.79,6.67,0,Clear,No,26.85,56.05,5.63,0.0,6750.0,30.75,0.679,0.9995
2026-04-01,Electronic City,Silk Board Junction,70471,23.35,1.191,12.86,12.71,0,Clear,No,26.85,56.05,5.63,0.0,6750.0,26.75,1.2865,1.0
2026-04-01,Hebbal,Ballari Road,59141,33.15,1.099,7.48,7.4,0,Clear,No,26.85,56.05,5.63,0.0,6750.0,35.8,0.7475,0.9864
2026-04-01,Hebbal,Hebbal Flyover,70190,42.55,1.1278,9.38,9.37,0,Clear,No,26.85,56.05,5.63,0.0,6750.0,46.95,0.938,0.9999
2026-04-01,Indiranagar,100 Feet Road,52986,18.8,1.2036,14.2,14.16,0,Clear,No,26.85,56.05,5.63,0.0,6750.0,21.9,1.42,0.9999
2026-04-01,Indiranagar,CMH Road,45537,24.3,1.1869,13.32,13.37,0,Clear,No,26.85,56.05,5.63,0.0,6750.0,28.05,1.3315,1.0
2026-04-01,Jayanagar,Jayanagar 4th Block,49323,24.7,1.2577,17.08,16.97,0,Clear,No,26.85,56.05,5.63,0.0,6750.0,29.75,1.708,0.9993
2026-04-01,Jayanagar,South End Circle,63212,26.05,1.1765,12.35,12.14,0,Clear,No,26.85,56.05,5.63,0.0,6750.0,29.65,1.235,0.9963
2026-04-01,Koramangala,Sarjapur Road,39159,34.7,1.0774,6.42,6.47,0,Clear,No,26.85,56.05,5.63,0.0,6750.0,37.1,0.6425,1.0
2026-04-01,Koramangala,Sony World Junction,47226,23.55,1.1181,9.59,9.6,0,Clear,No,26.85,56.05,5.63,0.0,6750.0,26.05,0.959,1.0
2026-04-01,M.G. Road,Anil Kumble Circle,66334,19.6,1.2375,14.28,14.22,0,Clear,No,26.85,56.05,5.63,0.0,6750.0,22.85,1.428,1.0
2026-04-01,M.G. Road,Trinity Circle,60261,30.9,1.1339,10.0,10.17,0,Clear,No,26.85,56.05,5.63,0.0,6750.0,34.4,1.0,1.0
2026-04-01,Whitefield,ITPL Main Road,51121,27.05,1.1872,12.6,12.6,0,Clear,No,26.85,56.05,5.63,0.0,6750.0,30.95,1.2595,0.9992
2026-04-01,Whitefield,Marathahalli Bridge,39600,26.0,1.0,0.0,0.0,0,Clear,No,26.85,56.05,5.63,0.0,6750.0,26.0,0.0,1.0
2026-04-01,Yeshwanthpur,Tumkur Road,58239,18.15,1.0652,5.14,5.22,0,Clear,No,26.85,56.05,5.63,0.0,6750.0,19.15,0.5145,0.999
2026-04-01,Yeshwanthpur,Yeshwanthpur Circle,60517,28.6,1.1364,10.37,10.34,0,Clear,No,26.85,56.05,5.63,0.0,6750.0,31.9,1.037,1.0
2026-04-02,Electronic City,Hosur Road,61569,29.27,1.0648,4.88,4.73,0,Clear,No,26.34,54.23,4.38,0.0,7000.0,30.73,0.4882,0.9997
2026-04-02,Electronic City,Silk Board Junction,75228,22.64,1.2277,15.64,15.59,0,Clear,No,26.34,54.23,4.38,0.0,7000.0,26.82,1.5641,1.0
2026-04-02,Hebbal,Ballari Road,66020,32.27,1.1373,10.05,10.01,0,Clear,No,26.34,54.23,4.38,0.0,7000.0,35.86,1.005,0.9791
2026-04-02,Hebbal,Hebbal Flyover,72452,42.18,1.1523,10.25,10.25,0,Clear,No,26.34,54.23,4.38,0.0,7000.0,47.0,1.025,0.9998
2026-04-02,Indiranagar,100 Feet Road,51684,19.05,1.1787,13.11,13.07,0,Clear,No,26.34,54.23,4.38,0.0,7000.0,21.91,1.3114,1.0
2026-04-02,Indiranagar,CMH Road,45716,24.09,1.1842,13.56,13.54,0,Clear,No,26.34,54.23,4.38,0.0,7000.0,27.86,1.3559,1.0
2026-04-02,Jayanagar,Jayanagar 4th Block,52244,24.0,1.3249,19.8,19.76,0,Clear,No,26.34,54.23,4.38,0.0,7000.0,29.91,1.9795,0.9991
2026-04-02,Jayanagar,South End Circle,66195,25.14,1.1981,14.4,14.13,0,Clear,No,26.34,54.23,4.38,0.0,7000.0,29.27,1.44,0.9958
2026-04-02,Koramangala,Sarjapur Road,36290,35.32,1.0577,4.86,4.9,0,Clear,No,26.34,54.23,4.38,0.0,7000.0,37.14,0.4859,1.0
2026-04-02,Koramangala,Sony World Junction,49029,23.14,1.1387,10.86,10.86,0,Clear,No,26.34,54.23,4.38,0.0,7000.0,25.95,1.0864,1.0
2026-04-02,M.G. Road,Anil Kumble Circle,63190,20.09,1.2043,12.25,12.13,0,Clear,No,26.34,54.23,4.38,0.0,7000.0,22.86,1.2255,1.0
2026-04-02,M.G. Road,Trinity Circle,60831,30.82,1.1343,10.39,10.55,0,Clear,No,26.34,54.23,4.38,0.0,7000.0,34.45,1.0386,1.0
2026-04-02,Whitefield,ITPL Main Road,49900,27.41,1.1674,11.58,11.58,0,Clear,No,26.34,54.23,4.38,0.0,7000.0,31.0,1.1582,0.9995
2026-04-02,Whitefield,Marathahalli Bridge,39600,26.0,1.0,0.0,0.0,0,Clear,No,26.34,54.23,4.38,0.0,7000.0,26.0,0.0,1.0
2026-04-02,Yeshwanthpur,Tumkur Road,59696,17.95,1.0771,5.7,5.73,0,Clear,No,26.34,54.23,4.38,0.0,7000.0,19.05,0.5695,0.9855
2026-04-02,Yeshwanthpur,Yeshwanthpur Circle,62811,28.0,1.1619,11.93,11.87,0,Clear,No,26.34,54.23,4.38,0.0,7000.0,31.77,1.1927,1.0
2026-04-03,Electronic City,Hosur Road,52246,30.31,1.0232,1.82,1.75,0,Clear,No,27.82,51.92,3.24,0.0,7076.92,30.85,0.1823,1.0
2026-04-03,Electronic City,Silk Board Junction,66633,24.23,1.1395,10.37,10.38,0,Clear,No,27.82,51.92,3.24,0.0,7076.92,27.04,1.0373,1.0
2026-04-03,Hebbal,Ballari Road,68966,30.19,1.168,12.06,11.8,0,Clear,No,27.82,51.92,3.24,0.0,7076.92,34.23,1.2062,0.9594
2026-04-03,Hebbal,Hebbal Flyover,71670,42.42,1.1295,9.86,9.89,0,Clear,No,27.82,51.92,3.24,0.0,7076.92,47.08,0.9858,0.9999
2026-04-03,Indiranagar,100 Feet Road,55613,18.31,1.2355,16.39,16.34,0,Clear,No,27.82,51.92,3.24,0.0,7076.92,21.88,1.6392,0.9999
2026-04-03,Indiranagar,CMH Road,42377,24.96,1.1355,10.4,10.36,0,Clear,No,27.82,51.92,3.24,0.0,7076.92,27.85,1.0404,1.0
2026-04-03,Jayanagar,Jayanagar 4th Block,49909,24.42,1.269,17.72,17.53,0,Clear,No,27.82,51.92,3.24,0.0,7076.92,29.62,1.7715,0.9995
2026-04-03,Jayanagar,South End Circle,61279,26.54,1.1542,10.94,10.85,0,Clear,No,27.82,51.92,3.24,0.0,7076.92,29.77,1.0938,0.9978
2026-04-03,Koramangala,Sarjapur Road,30008,36.54,1.0173,1.42,1.45,0,Clear,No,27.82,51.92,3.24,0.0,7076.92,37.08,0.1419,1.0
2026-04-03,Koramangala,Sony World Junction,40728,24.38,1.0788,6.21,6.21,0,Clear,No,27.82,51.92,3.24,0.0,7076.92,26.0,0.6212,1.0
2026-04-03,M.G. Road,Anil Kumble Circle,49760,21.5,1.0786,5.86,5.73,0,Clear,No,27.82,51.92,3.24,0.0,7076.92,22.81,0.5862,1.0
2026-04-03,M.G. Road,Trinity Circle,51856,32.08,1.079,6.48,6.61,0,Clear,No,27.82,51.92,3.24,0.0,7076.92,34.35,0.6481,1.0
2026-04-03,Whitefield,ITPL Main Road,49101,27.62,1.1542,10.92,10.92,0,Clear,No,27.82,51.92,3.24,0.0,7076.92,31.0,1.0919,0.9994
2026-04-03,Whitefield,Marathahalli Bridge,39600,26.0,1.0,0.0,0.0,0,Clear,No,27.82,51.92,3.24,0.0,7076.92,26.0,0.0,1.0
2026-04-03,Yeshwanthpur,Tumkur Road,56581,18.15,1.063,4.63,4.65,0,Clear,No,27.82,51.92,3.24,0.0,7076.92,19.04,0.4627,0.9988
2026-04-03,Yeshwanthpur,Yeshwanthpur Circle,61847,28.27,1.1517,11.28,11.23,0,Clear,No,27.82,51.92,3.24,0.0,7076.92,31.85,1.1281,1.0
2026-04-04,Electronic City,Hosur Road,57570,29.9,1.047,3.48,3.45,0,Clear,No,27.44,62.41,3.55,0.0,6758.62,30.97,0.3479,0.9997
2026-04-04,Electronic City,Silk Board Junction,71415,23.41,1.1782,13.24,13.28,0,Clear,No,27.44,62.41,3.55,0.0,6758.62,27.0,1.3245,1.0
2026-04-04,Hebbal,Ballari Road,68136,31.41,1.1478,11.11,11.3,0,Clear,No,27.44,62.41,3.55,0.0,6758.62,35.41,1.1114,0.9583
2026-04-04,Hebbal,Hebbal Flyover,80920,40.0,1.225,14.97,14.96,0,Clear,No,27.44,62.41,3.55,0.0,6758.62,47.03,1.4966,0.9997
2026-04-04,Indiranagar,100 Feet Road,62392,17.0,1.3327,22.0,21.99,0,Clear,No,27.44,62.41,3.55,0.0,6758.62,21.79,2.1997,1.0
2026-04-04,Indiranagar,CMH Road,44641,24.59,1.1632,12.48,12.52,0,Clear,No,27.44,62.41,3.55,0.0,6758.62,28.1,1.2476,1.0
2026-04-04,Jayanagar,Jayanagar 4th Block,55975,22.69,1.3783,23.47,23.31,0,Clear,No,27.44,62.41,3.55,0.0,6758.62,29.59,2.3466,1.0
2026-04-04,Jayanagar,South End Circle,69590,24.62,1.2412,16.62,16.39,0,Clear,No,27.44,62.41,3.55,0.0,6758.62,29.45,1.6621,0.9965
2026-04-04,Koramangala,Sarjapur Road,41481,34.52,1.0914,7.66,7.74,0,Clear,No,27.44,62.41,3.55,0.0,6758.62,37.41,0.7655,1.0
2026-04-04,Koramangala,Sony World Junction,48238,23.38,1.1287,10.17,10.2,0,Clear,No,27.44,62.41,3.55,0.0,6758.62,26.03,1.0172,1.0
2026-04-04,M.G. Road,Anil Kumble Circle,73026,18.76,1.3293,18.38,18.68,0,Clear,No,27.44,62.41,3.55,0.0,6758.62,23.07,1.8383,1.0
2026-04-04,M.G. Road,Trinity Circle,64571,30.1,1.1634,12.92,13.05,0,Clear,No,27.44,62.41,3.55,0.0,6758.62,34.62,1.2924,1.0
2026-04-04,Whitefield,ITPL Main Road,56823,25.62,1.251,17.33,17.35,0,Clear,No,27.44,62.41,3.55,0.0,6758.62,31.0,1.7328,0.999
2026-04-04,Whitefield,Marathahalli Bridge,51536,24.76,1.0608,4.57,4.52,0,Clear,No,27.44,62.41,3.55,0.0,6758.62,25.93,0.4566,1.0
2026-04-04,Yeshwanthpur,Tumkur Road,66593,17.55,1.1188,8.05,8.12,0,Clear,No,27.44,62.41,3.55,0.0,6758.62,19.1,0.8048,0.9979
2026-04-04,Yeshwanthpur,Yeshwanthpur Circle,66915,27.21,1.2025,14.66,14.61,0,Clear,No,27.44,62.41,3.55,0.0,6758.62,31.86,1.4662,1.0
2026-04-05,Electronic City,Hosur Road,52845,30.37,1.0234,1.95,1.94,0,Clear,No,27.37,61.0,5.68,0.0,6533.33,30.97,0.1947,0.9961
2026-04-05,Electronic City,Silk Board Junction,49075,25.97,1.0439,3.64,3.59,0,Clear,No,27.37,61.0,5.68,0.0,6533.33,26.93,0.3637,1.0
2026-04-05,Hebbal,Ballari Road,61989,32.73,1.1137,8.57,8.48,0,Clear,No,27.37,61.0,5.68,0.0,6533.33,35.77,0.8573,0.9781
2026-04-05,Hebbal,Hebbal Flyover,53208,45.37,1.0424,3.47,3.48,0,Clear,No,27.37,61.0,5.68,0.0,6533.33,47.0,0.3473,1.0
2026-04-05,Indiranagar,100 Feet Road,55082,18.33,1.2378,16.05,15.9,0,Clear,No,27.37,61.0,5.68,0.0,6533.33,21.8,1.6053,1.0
2026-04-05,Indiranagar,CMH Road,38848,25.63,1.1003,8.16,8.12,0,Clear,No,27.37,61.0,5.68,0.0,6533.33,27.9,0.816,1.0
2026-04-05,Jayanagar,Jayanagar 4th Block,51364,24.0,1.3038,19.1,18.92,0,Clear,No,27.37,61.0,5.68,0.0,6533.33,29.6,1.91,0.9989
2026-04-05,Jayanagar,South End Circle,62026,26.03,1.1609,11.64,11.35,0,Clear,No,27.37,61.0,5.68,0.0,6533.33,29.37,1.164,0.9974
2026-04-05,Koramangala,Sarjapur Road,31449,36.33,1.0252,2.19,2.24,0,Clear,No,27.37,61.0,5.68,0.0,6533.33,37.17,0.2193,0.9998
2026-04-05,Koramangala,Sony World Junction,35208,25.1,1.0398,3.35,3.34,0,Clear,No,27.37,61.0,5.68,0.0,6533.33,25.97,0.3353,1.0
2026-04-05,M.G. Road,Anil Kumble Circle,62316,20.43,1.1652,11.37,11.54,0,Clear,No,27.37,61.0,5.68,0.0,6533.33,23.1,1.137,1.0
2026-04-05,M.G. Road,Trinity Circle,45814,32.83,1.047,4.01,4.09,0,Clear,No,27.37,61.0,5.68,0.0,6533.33,34.23,0.401,1.0
2026-04-05,Whitefield,ITPL Main Road,37255,29.67,1.0511,4.4,4.4,0,Clear,No,27.37,61.0,5.68,0.0,6533.33,31.03,0.4397,0.9995
2026-04-05,Whitefield,Marathahalli Bridge,47394,25.2,1.0505,2.97,2.95,0,Clear,No,27.37,61.0,5.68,0.0,6533.33,25.97,0.2973,1.0
2026-04-05,Yeshwanthpur,Tumkur Road,55283,18.27,1.0556,4.11,4.2,0,Clear,No,27.37,61.0,5.68,0.0,6533.33,19.07,0.4107,0.9944
2026-04-05,Yeshwanthpur,Yeshwanthpur Circle,57406,28.93,1.1156,9.01,8.92,0,Clear,No,27.37,61.0,5.68,0.0,6533.33,31.77,0.9007,0.9999
2026-04-06,Electronic City,Hosur Road,56028,29.96,1.0416,3.05,2.96,0,Clear,No,27.93,50.57,4.77,0.0,7913.04,30.87,0.3052,0.9997
2026-04-06,Electronic City,Silk Board Junction,71818,23.35,1.2082,13.54,13.53,0,Clear,No,27.93,50.57,4.77,0.0,7913.04,27.0,1.3539,1.0
2026-04-06,Hebbal,Ballari Road,67078,32.09,1.1484,10.69,10.65,0,Clear,No,27.93,50.57,4.77,0.0,7913.04,35.91,1.0687,0.987
2026-04-06,Hebbal,Hebbal Flyover,74481,41.65,1.1587,11.37,11.38,0,Clear,No,27.93,50.57,4.77,0.0,7913.04,47.0,1.1365,0.9998
2026-04-06,Indiranagar,100 Feet Road,51298,19.04,1.1787,12.87,12.75,0,Clear,No,27.93,50.57,4.77,0.0,7913.04,21.83,1.2865,0.9999
2026-04-06,Indiranagar,CMH Road,42895,25.0,1.1531,10.78,10.85,0,Clear,No,27.93,50.57,4.77,0.0,7913.04,28.04,1.0783,1.0
2026-04-06,Jayanagar,Jayanagar 4th Block,50074,24.48,1.2877,17.82,17.69,0,Clear,No,27.93,50.57,4.77,0.0,7913.04,29.74,1.7822,0.9988
2026-04-06,Jayanagar,South End Circle,63421,26.09,1.1783,12.39,12.28,0,Clear,No,27.93,50.57,4.77,0.0,7913.04,29.74,1.2391,0.9958
2026-04-06,Koramangala,Sarjapur Road,33981,35.78,1.0417,3.59,3.63,0,Clear,No,27.93,50.57,4.77,0.0,7913.04,37.13,0.3591,1.0
2026-04-06,Koramangala,Sony World Junction,42582,24.17,1.0924,7.14,7.18,0,Clear,No,27.93,50.57,4.77,0.0,7913.04,26.04,0.7139,1.0
2026-04-06,M.G. Road,Anil Kumble Circle,64281,20.04,1.2024,12.61,12.85,0,Clear,No,27.93,50.57,4.77,0.0,7913.04,23.0,1.2609,1.0
2026-04-06,M.G. Road,Trinity Circle,60719,30.83,1.133,10.34,10.48,0,Clear,No,27.93,50.57,4.77,0.0,7913.04,34.43,1.0339,1.0
2026-04-06,Whitefield,ITPL Main Road,50137,27.35,1.1731,11.78,11.78,0,Clear,No,27.93,50.57,4.77,0.0,7913.04,31.0,1.1783,0.9993
2026-04-06,Whitefield,Marathahalli Bridge,48002,25.13,1.0443,3.21,3.18,0,Clear,No,27.93,50.57,4.77,0.0,7913.04,25.96,0.3213,0.9983
2026-04-06,Yeshwanthpur,Tumkur Road,58288,18.09,1.0649,5.19,5.24,0,Clear,No,27.93,50.57,4.77,0.0,7913.04,19.09,0.5187,0.9969
2026-04-06,Yeshwanthpur,Yeshwanthpur Circle,61553,28.39,1.1465,11.07,11.04,0,Clear,No,27.93,50.57,4.77,0.0,7913.04,31.91,1.1065,0.9998
2026-04-07,Electronic City,Hosur Road,65063,28.95,1.0768,5.96,5.85,0,Clear,No,28.14,28.15,3.18,0.0,9600.0,30.75,0.5965,0.9926
2026-04-07,Electronic City,Silk Board Junction,70888,23.5,1.201,13.02,12.96,0,Clear,No,28.14,28.15,3.18,0.0,9600.0,27.0,1.302,1.0
2026-04-07,Hebbal,Ballari Road,66069,32.25,1.1318,10.09,10.04,0,Clear,No,28.14,28.15,3.18,0.0,9600.0,35.85,1.0085,0.9813
2026-04-07,Hebbal,Hebbal Flyover,73047,42.25,1.1555,10.47,10.58,0,Clear,No,28.14,28.15,3.18,0.0,9600.0,47.25,1.047,0.9998
2026-04-07,Indiranagar,100 Feet Road,53339,18.65,1.2165,14.59,14.45,0,Clear,No,28.14,28.15,3.18,0.0,9600.0,21.8,1.459,1.0
2026-04-07,Indiranagar,CMH Road,45512,24.35,1.1841,13.27,13.35,0,Clear,No,28.14,28.15,3.18,0.0,9600.0,28.1,1.327,1.0
2026-04-07,Jayanagar,Jayanagar 4th Block,49977,24.35,1.2931,17.88,17.6,0,Clear,No,28.14,28.15,3.18,0.0,9600.0,29.55,1.788,0.9993
2026-04-07,Jayanagar,South End Circle,65050,25.6,1.1844,13.56,13.37,0,Clear,No,28.14,28.15,3.18,0.0,9600.0,29.55,1.3555,0.9952
2026-04-07,Koramangala,Sarjapur Road,37166,35.2,1.0628,5.31,5.38,0,Clear,No,28.14,28.15,3.18,0.0,9600.0,37.2,0.531,0.9997
2026-04-07,Koramangala,Sony World Junction,47630,23.45,1.1264,9.8,9.81,0,Clear,No,28.14,28.15,3.18,0.0,9600.0,26.0,0.98,1.0
2026-04-07,M.G. Road,Anil Kumble Circle,51686,21.45,1.0882,6.52,6.54,0,Clear,No,28.14,28.15,3.18,0.0,9600.0,22.95,0.6515,1.0
2026-04-07,M.G. Road,Trinity Circle,63940,30.1,1.1658,12.44,12.63,0,Clear,No,28.14,28.15,3.18,0.0,9600.0,34.45,1.2445,1.0
2026-04-07,Whitefield,ITPL Main Road,53777,26.45,1.22,14.76,14.81,0,Clear,No,28.14,28.15,3.18,0.0,9600.0,31.05,1.4765,0.9988
2026-04-07,Whitefield,Marathahalli Bridge,49264,25.0,1.051,3.7,3.66,0,Clear,No,28.14,28.15,3.18,0.0,9600.0,25.95,0.3695,0.9995
2026-04-07,Yeshwanthpur,Tumkur Road,60495,18.0,1.0781,5.82,6.01,0,Clear,No,28.14,28.15,3.18,0.0,9600.0,19.15,0.5815,0.998
2026-04-07,Yeshwanthpur,Yeshwanthpur Circle,61037,28.4,1.1431,10.76,10.69,0,Clear,No,28.14,28.15,3.18,0.0,9600.0,31.8,1.0765,1.0
2026-04-08,Electronic City,Hosur Road,56881,29.95,1.0417,3.27,3.23,0,Clear,No,28.32,39.84,2.92,0.0,8631.58,30.95,0.3268,0.9993
2026-04-08,Electronic City,Silk Board Junction,71456,23.32,1.1957,13.34,13.31,0,Clear,No,28.32,39.84,2.92,0.0,8631.58,26.89,1.3337,1.0
2026-04-08,Hebbal,Ballari Road,66460,32.16,1.1394,10.37,10.28,0,Clear,No,28.32,39.84,2.92,0.0,8631.58,35.84,1.0368,0.9731
2026-04-08,Hebbal,Hebbal Flyover,74939,41.58,1.1636,11.6,11.63,0,Clear,No,28.32,39.84,2.92,0.0,8631.58,47.05,1.16,0.9998
2026-04-08,Indiranagar,100 Feet Road,53723,18.53,1.2089,14.86,14.77,0,Clear,No,28.32,39.84,2.92,0.0,8631.58,21.74,1.4858,1.0
2026-04-08,Indiranagar,CMH Road,48276,23.53,1.2309,15.93,15.98,0,Clear,No,28.32,39.84,2.92,0.0,8631.58,28.0,1.5926,1.0
2026-04-08,Jayanagar,Jayanagar 4th Block,51535,24.11,1.3095,19.19,19.08,0,Clear,No,28.32,39.84,2.92,0.0,8631.58,29.79,1.9195,0.9989
2026-04-08,Jayanagar,South End Circle,68387,24.79,1.2264,15.85,15.59,0,Clear,No,28.32,39.84,2.92,0.0,8631.58,29.37,1.5847,0.9955
2026-04-08,Koramangala,Sarjapur Road,37407,35.21,1.0638,5.45,5.51,0,Clear,No,28.32,39.84,2.92,0.0,8631.58,37.26,0.5447,1.0
2026-04-08,Koramangala,Sony World Junction,45866,23.74,1.1136,8.88,8.89,0,Clear,No,28.32,39.84,2.92,0.0,8631.58,26.05,0.8879,1.0
2026-04-08,M.G. Road,Anil Kumble Circle,56320,21.05,1.1185,8.45,8.47,0,Clear,No,28.32,39.84,2.92,0.0,8631.58,23.0,0.8453,1.0
2026-04-08,M.G. Road,Trinity Circle,65121,29.89,1.178,13.23,13.41,0,Clear,No,28.32,39.84,2.92,0.0,8631.58,34.53,1.3226,1.0
2026-04-08,Whitefield,ITPL Main Road,53346,26.47,1.2103,14.47,14.46,0,Clear,No,28.32,39.84,2.92,0.0,8631.58,30.95,1.4474,0.9994
2026-04-08,Whitefield,Marathahalli Bridge,43340,25.63,1.0197,1.42,1.42,0,Clear,No,28.32,39.84,2.92,0.0,8631.58,26.0,0.1416,1.0
2026-04-08,Yeshwanthpur,Tumkur Road,52773,18.37,1.0486,3.33,3.32,0,Clear,No,28.32,39.84,2.92,0.0,8631.58,19.0,0.3326,0.9999
2026-04-08,Yeshwanthpur,Yeshwanthpur Circle,64090,27.79,1.1767,12.75,12.73,0,Clear,No,28.32,39.84,2.92,0.0,8631.58,31.84,1.2747,1.0
2026-04-09,Electronic City,Hosur Road,59729,29.56,1.0588,4.24,4.14,0,Clear,No,28.24,50.61,4.37,0.02,8888.89,30.83,0.4244,0.9994
2026-04-09,Electronic City,Silk Board Junction,67154,24.11,1.1592,10.69,10.7,0,Clear,No,28.24,50.61,4.37,0.02,8888.89,27.0,1.0689,1.0
2026-04-09,Hebbal,Ballari Road,71859,30.83,1.1968,13.65,13.55,0,Clear,No,28.24,50.61,4.37,0.02,8888.89,35.67,1.365,0.9799
2026-04-09,Hebbal,Hebbal Flyover,71761,42.39,1.1479,9.88,9.92,0,Clear,No,28.24,50.61,4.37,0.02,8888.89,47.06,0.9878,0.9998
2026-04-09,Indiranagar,100 Feet Road,48213,19.61,1.1327,10.28,10.18,0,Clear,No,28.24,50.61,4.37,0.02,8888.89,21.83,1.0283,0.9997
2026-04-09,Indiranagar,CMH Road,45304,24.22,1.1805,13.17,13.15,0,Clear,No,28.24,50.61,4.37,0.02,8888.89,27.89,1.3167,1.0
2026-04-09,Jayanagar,Jayanagar 4th Block,52146,23.83,1.3469,19.87,19.66,0,Clear,No,28.24,50.61,4.37,0.02,8888.89,29.67,1.9872,0.9992
2026-04-09,Jayanagar,South End Circle,63609,25.89,1.1859,12.66,12.41,0,Clear,No,28.24,50.61,4.37,0.02,8888.89,29.56,1.2661,0.9964
2026-04-09,Koramangala,Sarjapur Road,34994,35.61,1.0472,4.14,4.19,0,Clear,No,28.24,50.61,4.37,0.02,8888.89,37.17,0.4144,1.0
2026-04-09,Koramangala,Sony World Junction,43128,24.11,1.0928,7.42,7.46,0,Clear,No,28.24,50.61,4.37,0.02,8888.89,26.06,0.7417,1.0
2026-04-09,M.G. Road,Anil Kumble Circle,64249,20.0,1.2256,12.87,12.83,0,Clear,No,28.24,50.61,4.37,0.02,8888.89,22.94,1.2867,1.0
2026-04-09,M.G. Road,Trinity Circle,61209,30.72,1.14,10.64,10.81,0,Clear,No,28.24,50.61,4.37,0.02,8888.89,34.44,1.0644,1.0
2026-04-09,Whitefield,ITPL Main Road,51942,26.83,1.1857,13.3,13.29,0,Clear,No,28.24,50.61,4.37,0.02,8888.89,30.94,1.33,0.9994
2026-04-09,Whitefield,Marathahalli Bridge,49753,25.0,1.0604,3.85,3.85,0,Clear,No,28.24,50.61,4.37,0.02,8888.89,26.0,0.385,1.0
2026-04-09,Yeshwanthpur,Tumkur Road,62455,17.83,1.0871,6.61,6.69,0,Clear,No,28.24,50.61,4.37,0.02,8888.89,19.11,0.6611,0.9984
2026-04-09,Yeshwanthpur,Yeshwanthpur Circle,62247,28.22,1.1589,11.54,11.5,0,Clear,No,28.24,50.61,4.37,0.02,8888.89,31.89,1.1539,0.9999
2026-04-10,Electronic City,Hosur Road,58411,29.75,1.0528,3.78,3.72,0,Clear,No,29.11,50.7,4.69,0.13,9000.0,30.9,0.3785,0.9995
2026-04-10,Electronic City,Silk Board Junction,70277,23.6,1.1818,12.58,12.59,0,Clear,No,29.11,50.7,4.69,0.13,9000.0,27.0,1.258,1.0
2026-04-10,Hebbal,Ballari Road,73466,30.6,1.1991,14.59,14.53,0,Clear,No,29.11,50.7,4.69,0.13,9000.0,35.8,1.4595,0.9733
2026-04-10,Hebbal,Hebbal Flyover,76763,41.1,1.2148,12.61,12.65,0,Clear,No,29.11,50.7,4.69,0.13,9000.0,47.05,1.261,0.9998
2026-04-10,Indiranagar,100 Feet Road,56045,18.2,1.2384,16.82,16.7,0,Clear,No,29.11,50.7,4.69,0.13,9000.0,21.85,1.682,0.9997
2026-04-10,Indiranagar,CMH Road,45911,24.2,1.1854,13.65,13.73,0,Clear,No,29.11,50.7,4.69,0.13,9000.0,28.05,1.3645,1.0
2026-04-10,Jayanagar,Jayanagar 4th Block,53352,23.4,1.3559,21.06,20.81,0,Clear,No,29.11,50.7,4.69,0.13,9000.0,29.55,2.106,0.9995
2026-04-10,Jayanagar,South End Circle,63081,25.9,1.1776,12.35,12.05,0,Clear,No,29.11,50.7,4.69,0.13,9000.0,29.45,1.235,0.9973
2026-04-10,Koramangala,Sarjapur Road,31544,36.2,1.0273,2.28,2.29,0,Clear,No,29.11,50.7,4.69,0.13,9000.0,37.05,0.228,1.0
2026-04-10,Koramangala,Sony World Junction,48509,23.2,1.1355,10.48,10.42,0,Clear,No,29.11,50.7,4.69,0.13,9000.0,25.9,1.048,1.0
2026-04-10,M.G. Road,Anil Kumble Circle,63995,20.0,1.2013,12.66,12.66,0,Clear,No,29.11,50.7,4.69,0.13,9000.0,22.9,1.2655,1.0
2026-04-10,M.G. Road,Trinity Circle,63913,30.15,1.1646,12.48,12.61,0,Clear,No,29.11,50.7,4.69,0.13,9000.0,34.5,1.2475,1.0
2026-04-10,Whitefield,ITPL Main Road,51290,27.05,1.1874,12.74,12.74,0,Clear,No,29.11,50.7,4.69,0.13,9000.0,31.0,1.2745,0.9994
2026-04-10,Whitefield,Marathahalli Bridge,42646,25.7,1.0154,1.16,1.15,0,Clear,No,29.11,50.7,4.69,0.13,9000.0,26.0,0.1155,1.0
2026-04-10,Yeshwanthpur,Tumkur Road,69450,17.45,1.1303,8.9,9.11,0,Clear,No,29.11,50.7,4.69,0.13,9000.0,19.2,0.8895,0.9989
2026-04-10,Yeshwanthpur,Yeshwanthpur Circle,64073,27.8,1.1765,12.76,12.72,0,Clear,No,29.11,50.7,4.69,0.13,9000.0,31.85,1.2755,0.9998
2026-04-11,Electronic City,Hosur Road,62193,29.26,1.064,5.04,4.93,0,Clear,No,29.81,48.15,4.45,0.0,9333.33,30.78,0.5037,0.999
2026-04-11,Electronic City,Silk Board Junction,66725,24.15,1.1356,10.47,10.44,0,Clear,No,29.81,48.15,4.45,0.0,9333.33,26.96,1.0467,1.0
2026-04-11,Hebbal,Ballari Road,66563,32.11,1.1411,10.4,10.34,0,Clear,No,29.81,48.15,4.45,0.0,9333.33,35.81,1.0404,0.9783
2026-04-11,Hebbal,Hebbal Flyover,86456,38.56,1.2605,18.03,18.03,0,Clear,No,29.81,48.15,4.45,0.0,9333.33,47.04,1.8026,0.9997
2026-04-11,Indiranagar,100 Feet Road,63864,16.78,1.3785,23.33,23.22,0,Clear,No,29.81,48.15,4.45,0.0,9333.33,21.85,2.3326,0.9998
2026-04-11,Indiranagar,CMH Road,45341,24.15,1.1715,13.2,13.18,0,Clear,No,29.81,48.15,4.45,0.0,9333.33,27.81,1.3204,1.0
2026-04-11,Jayanagar,Jayanagar 4th Block,55125,22.96,1.3715,22.66,22.5,0,Clear,No,29.81,48.15,4.45,0.0,9333.33,29.63,2.2663,1.0
2026-04-11,Jayanagar,South End Circle,69060,24.81,1.2389,16.23,16.04,0,Clear,No,29.81,48.15,4.45,0.0,9333.33,29.56,1.623,0.9957
2026-04-11,Koramangala,Sarjapur Road,39858,34.74,1.0796,6.79,6.85,0,Clear,No,29.81,48.15,4.45,0.0,9333.33,37.3,0.6793,1.0
2026-04-11,Koramangala,Sony World Junction,46877,23.52,1.1149,9.42,9.42,0,Clear,No,29.81,48.15,4.45,0.0,9333.33,25.96,0.9422,1.0
2026-04-11,M.G. Road,Anil Kumble Circle,71699,18.81,1.2869,17.88,17.8,0,Clear,No,29.81,48.15,4.45,0.0,9333.33,22.89,1.7881,1.0
2026-04-11,M.G. Road,Trinity Circle,61416,30.74,1.1344,10.81,10.94,0,Clear,No,29.81,48.15,4.45,0.0,9333.33,34.52,1.0811,1.0
2026-04-11,Whitefield,ITPL Main Road,52754,26.7,1.1941,13.93,13.96,0,Clear,No,29.81,48.15,4.45,0.0,9333.33,31.04,1.3926,0.9992
2026-04-11,Whitefield,Marathahalli Bridge,49768,24.96,1.0662,3.88,3.85,0,Clear,No,29.81,48.15,4.45,0.0,9333.33,25.96,0.3881,1.0
2026-04-11,Yeshwanthpur,Tumkur Road,78069,16.56,1.1876,13.31,13.37,0,Clear,No,29.81,48.15,4.45,0.0,9333.33,19.11,1.3315,0.9956
2026-04-11,Yeshwanthpur,Yeshwanthpur Circle,68344,26.93,1.2099,15.55,15.56,0,Clear,No,29.81,48.15,4.45,0.0,9333.33,31.89,1.5552,0.9998
2026-04-12,Electronic City,Hosur Road,51278,30.52,1.0186,1.46,1.44,0,Clear,No,28.98,41.19,5.4,0.0,8888.89,30.96,0.1459,0.9996
2026-04-12,Electronic City,Silk Board Junction,50102,25.93,1.0517,3.97,3.98,0,Clear,No,28.98,41.19,5.4,0.0,8888.89,27.0,0.3974,1.0
2026-04-12,Hebbal,Ballari Road,56202,33.67,1.0845,6.33,6.29,0,Clear,No,28.98,41.19,5.4,0.0,8888.89,35.93,0.6333,0.9823
2026-04-12,Hebbal,Hebbal Flyover,67859,43.11,1.132,8.49,8.56,0,Clear,No,28.98,41.19,5.4,0.0,8888.89,47.15,0.8485,0.9999
2026-04-12,Indiranagar,100 Feet Road,56851,17.96,1.2567,17.49,17.38,0,Clear,No,28.98,41.19,5.4,0.0,8888.89,21.74,1.7485,1.0
2026-04-12,Indiranagar,CMH Road,40755,25.41,1.1182,9.26,9.26,0,Clear,No,28.98,41.19,5.4,0.0,8888.89,28.0,0.9263,1.0
2026-04-12,Jayanagar,Jayanagar 4th Block,47563,25.22,1.2356,15.43,15.3,0,Clear,No,28.98,41.19,5.4,0.0,8888.89,29.78,1.5426,0.9995
2026-04-12,Jayanagar,South End Circle,63937,25.89,1.187,12.83,12.62,0,Clear,No,28.98,41.19,5.4,0.0,8888.89,29.63,1.2826,0.997
2026-04-12,Koramangala,Sarjapur Road,31364,36.3,1.0246,2.17,2.2,0,Clear,No,28.98,41.19,5.4,0.0,8888.89,37.11,0.2167,1.0
2026-04-12,Koramangala,Sony World Junction,38919,24.63,1.0642,5.27,5.27,0,Clear,No,28.98,41.19,5.4,0.0,8888.89,26.0,0.5267,1.0
2026-04-12,M.G. Road,Anil Kumble Circle,66601,19.59,1.2063,14.35,14.4,0,Clear,No,28.98,41.19,5.4,0.0,8888.89,22.89,1.4352,1.0
2026-04-12,M.G. Road,Trinity Circle,48454,32.48,1.0609,5.09,5.19,0,Clear,No,28.98,41.19,5.4,0.0,8888.89,34.26,0.5093,1.0
2026-04-12,Whitefield,ITPL Main Road,36149,29.78,1.0461,3.85,3.83,0,Clear,No,28.98,41.19,5.4,0.0,8888.89,30.96,0.3848,0.9997
2026-04-12,Whitefield,Marathahalli Bridge,44112,25.56,1.0228,1.71,1.71,0,Clear,No,28.98,41.19,5.4,0.0,8888.89,26.0,0.1707,1.0
2026-04-12,Yeshwanthpur,Tumkur Road,49923,18.59,1.027,2.3,2.33,0,Clear,No,28.98,41.19,5.4,0.0,8888.89,19.04,0.23,0.9961
2026-04-12,Yeshwanthpur,Yeshwanthpur Circle,60661,28.59,1.1375,10.47,10.44,0,Clear,No,28.98,41.19,5.4,0.0,8888.89,31.93,1.0467,1.0
2026-04-13,Electronic City,Hosur Road,58584,29.72,1.0522,3.83,3.78,0,Clear,No,28.75,44.94,3.91,0.0,8222.22,30.89,0.3833,0.9995
2026-04-13,Electronic City,Silk Board Junction,66545,24.11,1.1478,10.37,10.33,0,Clear,No,28.75,44.94,3.91,0.0,8222.22,26.89,1.0367,1.0
2026-04-13,Hebbal,Ballari Road,60096,33.0,1.1049,7.87,7.76,0,Clear,No,28.75,44.94,3.91,0.0,8222.22,35.78,0.7867,0.9883
2026-04-13,Hebbal,Hebbal Flyover,62604,43.83,1.0993,6.73,6.74,0,Clear,No,28.75,44.94,3.91,0.0,8222.22,47.0,0.6733,0.9999
2026-04-13,Indiranagar,100 Feet Road,43456,20.17,1.1143,7.77,7.63,0,Clear,No,28.75,44.94,3.91,0.0,8222.22,21.83,0.7772,1.0
2026-04-13,Indiranagar,CMH Road,42125,25.17,1.1384,10.08,10.12,0,Clear,No,28.75,44.94,3.91,0.0,8222.22,28.0,1.0083,1.0
2026-04-13,Jayanagar,Jayanagar 4th Block,48410,24.89,1.2538,16.26,16.1,0,Clear,No,28.75,44.94,3.91,0.0,8222.22,29.67,1.6256,0.999
2026-04-13,Jayanagar,South End Circle,60536,26.44,1.1537,10.66,10.36,0,Clear,No,28.75,44.94,3.91,0.0,8222.22,29.5,1.0661,0.9971
2026-04-13,Koramangala,Sarjapur Road,31728,36.22,1.0276,2.36,2.4,0,Clear,No,28.75,44.94,3.91,0.0,8222.22,37.11,0.2356,1.0
2026-04-13,Koramangala,Sony World Junction,42748,24.11,1.0947,7.27,7.26,0,Clear,No,28.75,44.94,3.91,0.0,8222.22,26.0,0.7267,1.0
2026-04-13,M.G. Road,Anil Kumble Circle,50563,21.5,1.0884,6.18,6.07,0,Clear,No,28.75,44.94,3.91,0.0,8222.22,22.89,0.6178,1.0
2026-04-13,M.G. Road,Trinity Circle,57324,31.33,1.1141,8.73,8.89,0,Clear,No,28.75,44.94,3.91,0.0,8222.22,34.39,0.8733,1.0
2026-04-13,Whitefield,ITPL Main Road,38090,29.5,1.0684,4.84,4.84,0,Clear,No,28.75,44.94,3.91,0.0,8222.22,31.0,0.4839,0.9998
2026-04-13,Whitefield,Marathahalli Bridge,44122,25.5,1.0274,1.78,1.71,0,Clear,No,28.75,44.94,3.91,0.0,8222.22,25.94,0.1778,1.0
2026-04-13,Yeshwanthpur,Tumkur Road,54955,18.28,1.0511,4.07,4.08,0,Clear,No,28.75,44.94,3.91,0.0,8222.22,19.06,0.4067,0.9955
2026-04-13,Yeshwanthpur,Yeshwanthpur Circle,60706,28.5,1.1437,10.52,10.47,0,Clear,No,28.75,44.94,3.91,0.0,8222.22,31.83,1.0522,1.0
2026-04-14,Electronic City,Hosur Road,62845,29.29,1.0702,5.22,5.14,0,Clear,No,29.37,37.29,4.42,0.0,9058.82,30.88,0.5218,0.9985
2026-04-14,Electronic City,Silk Board Junction,66395,24.24,1.139,10.23,10.24,0,Clear,No,29.37,37.29,4.42,0.0,9058.82,27.0,1.0229,1.0
2026-04-14,Hebbal,Ballari Road,66568,32.12,1.1366,10.39,10.34,0,Clear,No,29.37,37.29,4.42,0.0,9058.82,35.82,1.0388,0.9814
2026-04-14,Hebbal,Hebbal Flyover,66688,43.06,1.1078,8.18,8.16,0,Clear,No,29.37,37.29,4.42,0.0,9058.82,46.88,0.8182,0.9999
2026-04-14,Indiranagar,100 Feet Road,50959,19.0,1.1791,12.66,12.47,0,Clear,No,29.37,37.29,4.42,0.0,9058.82,21.71,1.2659,0.9998
2026-04-14,Indiranagar,CMH Road,43240,24.76,1.1512,11.2,11.18,0,Clear,No,29.37,37.29,4.42,0.0,9058.82,27.88,1.12,1.0
2026-04-14,Jayanagar,Jayanagar 4th Block,51870,23.71,1.2932,19.58,19.4,0,Clear,No,29.37,37.29,4.42,0.0,9058.82,29.41,1.9582,0.9991
2026-04-14,Jayanagar,South End Circle,65440,25.35,1.1963,13.93,13.63,0,Clear,No,29.37,37.29,4.42,0.0,9058.82,29.35,1.3929,0.9965
2026-04-14,Koramangala,Sarjapur Road,33141,35.94,1.0358,3.15,3.17,0,Clear,No,29.37,37.29,4.42,0.0,9058.82,37.12,0.3147,1.0
2026-04-14,Koramangala,Sony World Junction,43102,24.12,1.095,7.43,7.45,0,Clear,No,29.37,37.29,4.42,0.0,9058.82,26.06,0.7429,1.0
2026-04-14,M.G. Road,Anil Kumble Circle,58653,20.88,1.1354,9.38,9.44,0,Clear,No,29.37,37.29,4.42,0.0,9058.82,23.06,0.9376,1.0
2026-04-14,M.G. Road,Trinity Circle,60384,30.88,1.1285,10.12,10.26,0,Clear,No,29.37,37.29,4.42,0.0,9058.82,34.41,1.0124,1.0
2026-04-14,Whitefield,ITPL Main Road,49434,27.53,1.1552,11.21,11.2,0,Clear,No,29.37,37.29,4.42,0.0,9058.82,31.0,1.1206,0.9993
2026-04-14,Whitefield,Marathahalli Bridge,43183,25.65,1.0181,1.36,1.36,0,Clear,No,29.37,37.29,4.42,0.0,9058.82,26.0,0.1359,1.0
2026-04-14,Yeshwanthpur,Tumkur Road,43200,19.0,1.0,0.0,0.0,0,Clear,No,29.37,37.29,4.42,0.0,9058.82,19.0,0.0,1.0
2026-04-14,Yeshwanthpur,Yeshwanthpur Circle,60221,28.65,1.1317,10.18,10.15,0,Clear,No,29.37,37.29,4.42,0.0,9058.82,31.88,1.0182,1.0
2026-04-15,Electronic City,Hosur Road,53349,30.18,1.029,2.18,2.1,0,Clear,No,29.65,39.65,4.26,0.0,8823.53,30.82,0.2176,0.9999
2026-04-15,Electronic City,Silk Board Junction,74996,22.53,1.2366,15.51,15.45,0,Clear,No,29.65,39.65,4.26,0.0,8823.53,26.65,1.5512,1.0
2026-04-15,Hebbal,Ballari Road,67411,31.88,1.1478,10.96,10.86,0,Clear,No,29.65,39.65,4.26,0.0,8823.53,35.76,1.0959,0.9779
2026-04-15,Hebbal,Hebbal Flyover,74648,41.76,1.1644,11.39,11.47,0,Clear,No,29.65,39.65,4.26,0.0,8823.53,47.18,1.1394,0.9998
2026-04-15,Indiranagar,100 Feet Road,52864,18.71,1.2051,14.24,14.05,0,Clear,No,29.65,39.65,4.26,0.0,8823.53,21.76,1.4241,0.9999
2026-04-15,Indiranagar,CMH Road,44763,24.41,1.1699,12.61,12.63,0,Clear,No,29.65,39.65,4.26,0.0,8823.53,27.94,1.2612,1.0
2026-04-15,Jayanagar,Jayanagar 4th Block,52710,23.47,1.3242,20.36,20.2,0,Clear,No,29.65,39.65,4.26,0.0,8823.53,29.41,2.0359,0.9993
2026-04-15,Jayanagar,South End Circle,66640,25.47,1.2034,14.53,14.43,0,Clear,No,29.65,39.65,4.26,0.0,8823.53,29.76,1.4529,0.9962
2026-04-15,Koramangala,Sarjapur Road,33977,35.94,1.0404,3.59,3.63,0,Clear,No,29.65,39.65,4.26,0.0,8823.53,37.29,0.3588,1.0
2026-04-15,Koramangala,Sony World Junction,47436,23.53,1.1217,9.65,9.71,0,Clear,No,29.65,39.65,4.26,0.0,8823.53,26.06,0.9647,1.0
2026-04-15,M.G. Road,Anil Kumble Circle,76679,18.24,1.3943,20.83,21.12,0,Clear,No,29.65,39.65,4.26,0.0,8823.53,23.12,2.0829,0.9984
2026-04-15,M.G. Road,Trinity Circle,66392,29.71,1.188,14.12,14.26,0,Clear,No,29.65,39.65,4.26,0.0,8823.53,34.65,1.4124,1.0
2026-04-15,Whitefield,ITPL Main Road,52622,26.71,1.1997,13.86,13.85,0,Clear,No,29.65,39.65,4.26,0.0,8823.53,31.0,1.3859,0.9993
2026-04-15,Whitefield,Marathahalli Bridge,47382,25.18,1.0432,3.01,2.95,0,Clear,No,29.65,39.65,4.26,0.0,8823.53,25.94,0.3012,0.9994
2026-04-15,Yeshwanthpur,Tumkur Road,53899,18.29,1.0456,3.72,3.72,0,Clear,No,29.65,39.65,4.26,0.0,8823.53,19.0,0.3724,0.9968
2026-04-15,Yeshwanthpur,Yeshwanthpur Circle,64613,27.76,1.1768,13.08,13.08,0,Clear,No,29.65,39.65,4.26,0.0,8823.53,31.94,1.3076,0.9998
2026-04-16,Electronic City,Hosur Road,57497,29.82,1.0445,3.49,3.43,0,Clear,No,29.88,37.94,5.35,0.0,9411.76,30.88,0.3494,0.9999
2026-04-16,Electronic City,Silk Board Junction,70440,23.47,1.2064,12.8,12.69,0,Clear,No,29.88,37.94,5.35,0.0,9411.76,26.88,1.28,1.0
2026-04-16,Hebbal,Ballari Road,65482,32.47,1.1315,9.81,9.8,0,Clear,No,29.88,37.94,5.35,0.0,9411.76,36.0,0.9806,0.9891
2026-04-16,Hebbal,Hebbal Flyover,80550,40.12,1.2199,14.72,14.75,0,Clear,No,29.88,37.94,5.35,0.0,9411.76,47.06,1.4724,0.9998
2026-04-16,Indiranagar,100 Feet Road,45878,19.88,1.1165,8.98,8.89,0,Clear,No,29.88,37.94,5.35,0.0,9411.76,21.82,0.8982,0.9997
2026-04-16,Indiranagar,CMH Road,46089,24.06,1.1935,13.9,13.89,0,Clear,No,29.88,37.94,5.35,0.0,9411.76,27.94,1.39,1.0
2026-04-16,Jayanagar,Jayanagar 4th Block,53516,23.06,1.3478,20.85,20.97,0,Clear,No,29.88,37.94,5.35,0.0,9411.76,29.18,2.0847,0.9994
2026-04-16,Jayanagar,South End Circle,64383,25.76,1.1872,13.14,12.92,0,Clear,No,29.88,37.94,5.35,0.0,9411.76,29.59,1.3135,0.9981
2026-04-16,Koramangala,Sarjapur Road,33864,36.59,1.0414,3.59,3.57,0,Clear,No,29.88,37.94,5.35,0.0,9411.76,37.94,0.3588,1.0
2026-04-16,Koramangala,Sony World Junction,47913,23.41,1.1254,9.94,9.95,0,Clear,No,29.88,37.94,5.35,0.0,9411.76,26.0,0.9935,1.0
2026-04-16,M.G. Road,Anil Kumble Circle,66811,19.71,1.2734,14.32,14.54,0,Clear,No,29.88,37.94,5.35,0.0,9411.76,23.06,1.4318,1.0
2026-04-16,M.G. Road,Trinity Circle,63939,30.53,1.1666,12.61,12.63,0,Clear,No,29.88,37.94,5.35,0.0,9411.76,34.94,1.2606,1.0
2026-04-16,Whitefield,ITPL Main Road,48045,27.94,1.1441,10.03,10.04,0,Clear,No,29.88,37.94,5.35,0.0,9411.76,31.06,1.0029,0.9996
2026-04-16,Whitefield,Marathahalli Bridge,42593,25.65,1.0155,1.18,1.13,0,Clear,No,29.88,37.94,5.35,0.0,9411.76,25.94,0.1176,1.0
2026-04-16,Yeshwanthpur,Tumkur Road,53833,18.41,1.0514,3.53,3.69,0,Clear,No,29.88,37.94,5.35,0.0,9411.76,19.12,0.3529,0.999
2026-04-16,Yeshwanthpur,Yeshwanthpur Circle,64889,27.71,1.1806,13.25,13.26,0,Clear,No,29.88,37.94,5.35,0.0,9411.76,31.94,1.3253,0.9996
2026-04-17,Electronic City,Hosur Road,62455,29.44,1.0731,5.02,5.02,0,Clear,No,29.66,42.67,5.17,0.0,8444.44,31.0,0.5017,0.994
2026-04-17,Electronic City,Silk Board Junction,62103,24.44,1.1307,8.71,8.52,0,Clear,No,29.66,42.67,5.17,0.0,8444.44,26.72,0.8711,1.0
2026-04-17,Hebbal,Ballari Road,68145,31.83,1.1589,11.36,11.3,0,Clear,No,29.66,42.67,5.17,0.0,8444.44,35.89,1.1361,0.9808
2026-04-17,Hebbal,Hebbal Flyover,84778,39.06,1.2722,17.08,17.1,0,Clear,No,29.66,42.67,5.17,0.0,8444.44,47.11,1.7083,0.9999
2026-04-17,Indiranagar,100 Feet Road,52082,18.67,1.1842,13.62,13.4,0,Clear,No,29.66,42.67,5.17,0.0,8444.44,21.56,1.3622,0.9999
2026-04-17,Indiranagar,CMH Road,45304,24.22,1.178,13.16,13.15,0,Clear,No,29.66,42.67,5.17,0.0,8444.44,27.89,1.3156,1.0
2026-04-17,Jayanagar,Jayanagar 4th Block,51461,23.67,1.279,18.89,19.01,0,Clear,No,29.66,42.67,5.17,0.0,8444.44,29.22,1.8889,0.9986
2026-04-17,Jayanagar,South End Circle,61666,26.22,1.1638,11.39,11.11,0,Clear,No,29.66,42.67,5.17,0.0,8444.44,29.5,1.1389,0.9967
2026-04-17,Koramangala,Sarjapur Road,34570,36.44,1.0494,3.97,3.95,0,Clear,No,29.66,42.67,5.17,0.0,8444.44,37.94,0.3967,1.0
2026-04-17,Koramangala,Sony World Junction,47671,23.44,1.123,9.82,9.83,0,Clear,No,29.66,42.67,5.17,0.0,8444.44,26.0,0.9822,1.0
2026-04-17,M.G. Road,Anil Kumble Circle,60731,20.39,1.1424,10.62,10.49,0,Clear,No,29.66,42.67,5.17,0.0,8444.44,22.78,1.0622,1.0
2026-04-17,M.G. Road,Trinity Circle,61666,31.11,1.1471,11.11,11.11,0,Clear,No,29.66,42.67,5.17,0.0,8444.44,35.0,1.1106,1.0
2026-04-17,Whitefield,ITPL Main Road,51456,27.06,1.1901,12.83,12.88,0,Clear,No,29.66,42.67,5.17,0.0,8444.44,31.06,1.2833,0.9993
2026-04-17,Whitefield,Marathahalli Bridge,45818,25.33,1.0317,2.39,2.36,0,Clear,No,29.66,42.67,5.17,0.0,8444.44,25.94,0.2394,0.9972
2026-04-17,Yeshwanthpur,Tumkur Road,78069,16.56,1.2075,13.33,13.37,0,Clear,No,29.66,42.67,5.17,0.0,8444.44,19.11,1.3333,0.9865
2026-04-17,Yeshwanthpur,Yeshwanthpur Circle,62539,28.11,1.1539,11.73,11.69,0,Clear,No,29.66,42.67,5.17,0.0,8444.44,31.83,1.1733,0.9999
2026-04-18,Electronic City,Hosur Road,70188,28.43,1.1049,7.64,7.5,0,Clear,No,29.76,44.52,5.73,0.0,8086.96,30.74,0.7643,0.9999
2026-04-18,Electronic City,Silk Board Junction,58854,24.87,1.1022,7.37,7.29,0,Clear,No,29.76,44.52,5.73,0.0,8086.96,26.83,0.7374,1.0
2026-04-18,Hebbal,Ballari Road,67500,31.96,1.1462,10.95,10.91,0,Clear,No,29.76,44.52,5.73,0.0,8086.96,35.87,1.0952,0.9655
2026-04-18,Hebbal,Hebbal Flyover,83999,39.35,1.2517,16.59,16.67,0,Clear,No,29.76,44.52,5.73,0.0,8086.96,47.22,1.6587,0.9999
2026-04-18,Indiranagar,100 Feet Road,60627,17.17,1.3205,20.66,20.52,0,Clear,No,29.76,44.52,5.73,0.0,8086.96,21.61,2.0657,0.9998
2026-04-18,Indiranagar,CMH Road,43402,24.83,1.1456,11.29,11.34,0,Clear,No,29.76,44.52,5.73,0.0,8086.96,28.0,1.1291,1.0
2026-04-18,Jayanagar,Jayanagar 4th Block,56388,22.39,1.3937,23.53,23.7,0,Clear,No,29.76,44.52,5.73,0.0,8086.96,29.35,2.3526,0.9999
2026-04-18,Jayanagar,South End Circle,67411,25.0,1.2169,15.17,14.94,0,Clear,No,29.76,44.52,5.73,0.0,8086.96,29.39,1.5174,0.9963
2026-04-18,Koramangala,Sarjapur Road,40747,35.13,1.0897,7.36,7.34,0,Clear,No,29.76,44.52,5.73,0.0,8086.96,37.91,0.7361,1.0
2026-04-18,Koramangala,Sony World Junction,49600,23.13,1.1443,11.31,11.33,0,Clear,No,29.76,44.52,5.73,0.0,8086.96,26.09,1.1313,1.0
2026-04-18,M.G. Road,Anil Kumble Circle,77584,18.17,1.4849,21.52,21.72,0,Clear,No,29.76,44.52,5.73,0.0,8086.96,23.22,2.1517,0.9985
2026-04-18,M.G. Road,Trinity Circle,63119,30.7,1.1553,12.11,12.08,0,Clear,No,29.76,44.52,5.73,0.0,8086.96,34.91,1.2113,1.0
2026-04-18,Whitefield,ITPL Main Road,51842,26.87,1.1788,13.25,13.2,0,Clear,No,29.76,44.52,5.73,0.0,8086.96,30.96,1.3248,0.999
2026-04-18,Whitefield,Marathahalli Bridge,44029,25.48,1.0228,1.74,1.68,0,Clear,No,29.76,44.52,5.73,0.0,8086.96,25.91,0.1739,1.0
2026-04-18,Yeshwanthpur,Tumkur Road,96663,14.7,1.4114,23.5,23.7,0,Clear,No,29.76,44.52,5.73,0.0,8086.96,19.26,2.3504,0.9965
2026-04-18,Yeshwanthpur,Yeshwanthpur Circle,69897,26.65,1.2319,16.58,16.6,0,Clear,No,29.76,44.52,5.73,0.0,8086.96,31.96,1.6578,1.0
2026-04-19,Electronic City,Hosur Road,53107,30.29,1.0252,2.06,2.02,0,Clear,No,29.06,35.71,4.4,0.0,8916.67,30.92,0.2058,0.9937
2026-04-19,Electronic City,Silk Board Junction,43680,26.54,1.0181,1.56,1.55,0,Clear,No,29.06,35.71,4.4,0.0,8916.67,26.96,0.1558,1.0
2026-04-19,Hebbal,Ballari Road,67000,31.96,1.1439,10.69,10.61,0,Clear,No,29.06,35.71,4.4,0.0,8916.67,35.75,1.0687,0.9786
2026-04-19,Hebbal,Hebbal Flyover,65843,43.46,1.0967,7.82,7.86,0,Clear,No,29.06,35.71,4.4,0.0,8916.67,47.17,0.7821,1.0
2026-04-19,Indiranagar,100 Feet Road,52488,18.83,1.1994,13.88,13.74,0,Clear,No,29.06,35.71,4.4,0.0,8916.67,21.83,1.3879,1.0
2026-04-19,Indiranagar,CMH Road,37468,25.92,1.0891,7.31,7.3,0,Clear,No,29.06,35.71,4.4,0.0,8916.67,27.96,0.7313,1.0
2026-04-19,Jayanagar,Jayanagar 4th Block,52946,23.38,1.3308,20.18,20.43,0,Clear,No,29.06,35.71,4.4,0.0,8916.67,29.38,2.0183,0.9998
2026-04-19,Jayanagar,South End Circle,61969,26.46,1.1616,11.42,11.31,0,Clear,No,29.06,35.71,4.4,0.0,8916.67,29.83,1.1421,0.9976
2026-04-19,Koramangala,Sarjapur Road,33360,36.75,1.0392,3.29,3.29,0,Clear,No,29.06,35.71,4.4,0.0,8916.67,38.0,0.3292,1.0
2026-04-19,Koramangala,Sony World Junction,40473,24.46,1.0718,6.06,6.08,0,Clear,No,29.06,35.71,4.4,0.0,8916.67,26.04,0.6063,1.0
2026-04-19,M.G. Road,Anil Kumble Circle,66506,19.67,1.2299,14.34,14.34,0,Clear,No,29.06,35.71,4.4,0.0,8916.67,22.96,1.4337,1.0
2026-04-19,M.G. Road,Trinity Circle,51178,32.71,1.0754,6.34,6.32,0,Clear,No,29.06,35.71,4.4,0.0,8916.67,34.92,0.6342,1.0
2026-04-19,Whitefield,ITPL Main Road,38065,29.58,1.0584,4.8,4.83,0,Clear,No,29.06,35.71,4.4,0.0,8916.67,31.08,0.48,0.9997
2026-04-19,Whitefield,Marathahalli Bridge,46792,25.29,1.0797,2.73,2.72,0,Clear,No,29.06,35.71,4.4,0.0,8916.67,26.0,0.2725,0.9967
2026-04-19,Yeshwanthpur,Tumkur Road,57662,18.12,1.0679,4.96,5.02,0,Clear,No,29.06,35.71,4.4,0.0,8916.67,19.08,0.4958,0.9943
2026-04-19,Yeshwanthpur,Yeshwanthpur Circle,54582,29.29,1.0982,7.83,7.74,0,Clear,No,29.06,35.71,4.4,0.0,8916.67,31.75,0.7829,1.0
2026-04-20,Electronic City,Hosur Road,51289,30.44,1.0173,1.48,1.44,0,Clear,No,25.47,53.33,2.97,0.0,9111.11,30.89,0.1478,0.9999
2026-04-20,Electronic City,Silk Board Junction,39600,27.0,1.0,0.0,0.0,0,Clear,No,25.47,53.33,2.97,0.0,9111.11,27.0,0.0,1.0
2026-04-20,Hebbal,Ballari Road,45321,35.11,1.0286,2.22,2.17,0,Clear,No,25.47,53.33,2.97,0.0,9111.11,35.89,0.2222,0.9944
2026-04-20,Hebbal,Hebbal Flyover,49313,46.11,1.0251,2.09,2.12,0,Clear,No,25.47,53.33,2.97,0.0,9111.11,47.11,0.2089,1.0
2026-04-20,Indiranagar,100 Feet Road,28800,22.0,1.0,0.0,0.0,0,Clear,No,25.47,53.33,2.97,0.0,9111.11,22.0,0.0,1.0
2026-04-20,Indiranagar,CMH Road,28546,27.33,1.026,2.06,1.99,0,Clear,No,25.47,53.33,2.97,0.0,9111.11,27.89,0.2056,1.0
2026-04-20,Jayanagar,Jayanagar 4th Block,29062,28.33,1.0286,2.3,2.3,0,Clear,No,25.47,53.33,2.97,0.0,9111.11,29.0,0.23,1.0
2026-04-20,Jayanagar,South End Circle,41373,29.11,1.0321,2.38,2.24,0,Clear,No,25.47,53.33,2.97,0.0,9111.11,29.78,0.2378,0.9996
2026-04-20,Koramangala,Sarjapur Road,30026,37.44,1.0168,1.47,1.46,0,Clear,No,25.47,53.33,2.97,0.0,9111.11,38.0,0.1467,1.0
2026-04-20,Koramangala,Sony World Junction,31261,25.67,1.0145,1.28,1.28,0,Clear,No,25.47,53.33,2.97,0.0,9111.11,26.0,0.1278,1.0
2026-04-20,M.G. Road,Anil Kumble Circle,45230,22.22,1.0535,3.7,3.85,0,Clear,No,25.47,53.33,2.97,0.0,9111.11,23.11,0.37,1.0
2026-04-20,M.G. Road,Trinity Circle,41333,34.22,1.0278,2.22,2.22,0,Clear,No,25.47,53.33,2.97,0.0,9111.11,35.0,0.2222,1.0
2026-04-20,Whitefield,ITPL Main Road,31552,30.56,1.0164,1.43,1.43,0,Clear,No,25.47,53.33,2.97,0.0,9111.11,31.0,0.1433,0.9999
2026-04-20,Whitefield,Marathahalli Bridge,39600,26.0,1.0,0.0,0.0,0,Clear,No,25.47,53.33,2.97,0.0,9111.11,26.0,0.0,1.0
2026-04-20,Yeshwanthpur,Tumkur Road,53188,18.56,1.0385,3.42,3.47,0,Clear,No,25.47,53.33,2.97,0.0,9111.11,19.22,0.3422,0.9438
2026-04-20,Yeshwanthpur,Yeshwanthpur Circle,41853,31.11,1.0333,2.51,2.44,0,Clear,No,25.47,53.33,2.97,0.0,9111.11,31.89,0.2511,1.0
